"","PC1","PC2","PC3","PC4","PC5","PC6","PC7","PC8","PC9","PC10","PC11","PC12","PC13","PC14","PC15","PC16","PC17","PC18","PC19","PC20","PC21","PC22","PC23","PC24","PC25","PC26","PC27","PC28","PC29","PC30","PC31","PC32","PC33","PC34","PC35","PC36","PC37","PC38","PC39","PC40","PC41","PC42","PC43","PC44","PC45","PC46","PC47","PC48","PC49","PC50","PC51","PC52","PC53","PC54","PC55","PC56","PC57","PC58","PC59","PC60","PC61","PC62","PC63","PC64"
"PROT",-0.790045233211089,-0.202575589277829,0.0910987523292861,-0.142477308173999,0.0830717004297533,-0.00709209644512412,0.357524614791701,-0.0297942002557793,0.0435287915735423,-0.0642757179445892,0.132464200842471,-0.0717831671584395,0.0159089571412977,-0.0477480927883902,0.0664178764594982,-0.0896237865208794,0.131713684563592,-0.0379885937136629,0.17152457037339,0.00283474211556689,-0.0746841557566741,-0.023034762493336,0.0430909204414398,-0.0421162580841198,0.154344907619242,-0.025411048088025,-0.0324169414570527,-0.0274829063533938,0.0226758251976375,0.0767065492059295,-0.0567127309806763,-0.0262532501238444,-0.0213525231660283,0.0389942578079735,0.0705059091132723,-0.00202981237791557,-0.0446474872829513,-0.0646038433475541,-0.0247633493020976,0.0294581088233544,0.0683527304030686,0.00265214525905122,0.000431613396869762,-0.0392590279819526,-0.000980070187839697,-0.0285103801361265,-0.00471439846319063,-0.0382319321019478,0.0743900413951065,0.00320236284367925,0.0253645715009702,0.0177476908620382,-0.0119387586643607,-0.0472764754497692,-0.00741669981602879,-0.00671514901582474,-0.0135434955472233,0.00210217142297537,0.00179456198161508,0.000117438145142379,0.000933941270986669,0.000394348158122357,0.000459586804551737,9.83616764986058e-07
"TFAT",-0.88145281253586,0.0931353002869943,-0.10989640398506,-0.10425495097304,0.0906887053027808,-0.34046359925584,-0.0573484126422737,0.155101049699105,0.070133604476542,0.0488171219500484,-0.0332492419331362,0.0575568967944,-0.0151852996881883,-0.0261238346236167,-0.0318030579017211,0.0349760986311054,-0.0399222373442911,0.0411929542101304,0.0698244439300199,0.0626130050167985,-0.00441897956875467,-0.0504999690706938,0.0535458962659582,0.0132315049206127,-0.00545429048350674,0.00693967625711894,0.0428436740257761,-8.19971310501337e-05,0.0193150231987087,-0.0125395767306454,-0.0144752415892044,0.032285707186052,0.0163146569490205,0.00212149306171094,-0.00712725787192697,-0.00862168851215669,-0.0168846928067842,-0.00169718550329196,-0.00486166336265034,0.00554761540381931,0.0127383082846801,0.0119754817646187,0.00148067066706987,-0.00288634742405881,0.0159468901639878,-0.0130160972794779,-0.014100874475182,0.00731170771317605,0.0098634564795387,0.0171418290108385,0.0162954060392365,-0.0172379274378878,-0.00607478964137752,0.00860445315225919,-0.00569210917685676,0.0144502767997786,0.00348847587661289,-0.00508948371977887,-0.00488786593750353,-0.00257702210862834,-0.0234589504451067,0.00110635401246026,-0.00408482810353663,-3.0083497851122e-06
"CARB",-0.671058380655252,0.0344955497959763,-0.288235014537567,0.0531132716809735,0.201868709494038,0.228340535231438,-0.296103057605285,-0.125978178654793,0.224193510522846,0.0674247234606304,0.0798698155241057,-0.0775216184771896,0.0509971596663158,0.0547495311195567,0.117985015517342,0.14888344901029,0.172155066520241,0.0894703321302772,-0.0259402045265276,-0.0715076195669861,0.0467649371218803,-0.180447253000405,0.133043564856908,0.0527818815951701,-0.0225892505689902,-0.102256933514674,-0.0515663355174946,-0.00852379731185881,-0.00770188422069688,-0.0810268057484664,-0.0174947679328528,0.0214588891671118,0.0609829973816894,0.0114149687291262,-0.0537201735568309,0.0119167362138715,-0.0124820235272242,0.0709501098780742,0.0510117450894964,-0.0275829056802657,-0.0311284924712437,-0.0119442910050327,-0.0848734117649397,-0.0759893961860993,-0.0676009636185763,0.0316930071771676,-0.00845493961125182,-0.0428905239473088,0.01474344187115,-0.00716447466810528,0.0101728853202885,0.00485717508049579,-0.00267855870428823,-0.000470785088365075,0.00298859494498337,0.00943482775155638,-0.00325459043008921,0.000355891967936072,-0.00036441343418088,7.45134859547945e-05,0.000221537486501987,-5.696486142686e-05,0.000187436096417609,2.91531474438333e-06
"MOIS",-0.439020133028469,0.0987827559689623,0.0707527635417156,0.259198274183034,0.113107683034039,0.362523804469554,-0.0592399945501534,0.0454347638030976,0.111423527530124,0.35226358956587,0.160567982071067,0.0662159265175748,-0.241120691282219,-0.0700884678337293,-0.161523498768772,-0.0706120650995585,-0.133729079872385,-0.0700921320396555,0.174237949661199,-0.304440803739722,0.101306108909538,0.0799024769939298,-0.136840186302662,0.29508327209212,-0.0219764827750217,0.0551656516726926,0.0765555518144537,-0.130531473733488,0.0355495228839076,-0.0393944956915717,-0.101388702377835,-0.0489103209717662,0.00259846056889812,0.0427575920708907,-0.00606907751615506,-0.0144407007009211,-0.0174805646888579,0.00820234344945979,0.00189622335596936,0.0223647594567981,0.00351567161500366,-0.0284051840412158,0.021656610102399,-0.00838574344667098,-0.000151137221197008,-0.00864049566452881,0.00499723624575334,0.000884283568280686,0.00538675689086931,0.00348842081510191,0.00214574828353248,0.00102860345678082,0.00484851628977505,0.00283519157441571,0.00452664025897002,0.00288280649788886,0.00131799175467855,-8.6236454576982e-05,0.000214864848796215,2.1973584751169e-05,-5.01984339122158e-06,-9.08658400486845e-06,-3.16927325401022e-05,-1.39330208456825e-06
"ALC",-0.118633929903545,0.0245396053926895,0.0284104159189909,-0.0669621282413101,0.0949058385202479,0.275373730308406,0.120740185059692,-0.126553905889328,0.118714381707012,0.480699326232219,0.0402053725845838,0.0654332563556809,-0.488728699053342,0.0631030218072215,-0.159836572083558,0.451964800292719,0.0833067566863978,-0.0200051691840071,-0.0573260363602576,0.229244186902201,-0.136421918341608,0.163930433806703,-0.0165104988122338,-0.156524888125387,0.00871589590705267,-0.024134780355326,-0.0188240973345053,0.0598543883135052,0.00671010460031532,0.0290173619365356,0.00644227803244657,-0.0182623161027551,0.0253548639161541,-0.0077035171845387,0.00355469842521166,-0.00737916888102351,0.00170345897304995,-0.00633076174308453,0.0218517961462525,0.00535230437678087,0.00548473597461889,0.0107846649944754,0.000634924847313726,-0.00188206869490832,0.00351168038558632,-0.00509967823281202,0.00289363444145246,0.00125917530336604,0.00707180241832847,-0.00314368935408715,-0.000644884186501639,-0.00204541218322334,-0.000714164848677816,0.000238887145992809,-0.00161610536645446,-0.000468441712886236,-0.00108910051650471,-0.00072848545391162,0.000116133052285564,4.24686363704326e-05,9.94644781772982e-05,4.93108097937214e-05,-5.07661024066853e-06,-3.36364462238189e-08
"CAFF",0.00284626810096262,-0.173309503031923,0.0220832129895831,0.0454259561670475,-0.0201727708090925,0.359015088310075,0.242674522103545,-0.0203830832153287,-0.00984220852675951,0.406897581009467,-0.288821170375325,0.359939948959871,0.0906205147849739,-0.377903016199245,0.152725048473208,-0.237786288104018,-0.275455457325411,0.127926453353917,-0.0526030170788722,-0.00318373568470955,-0.0712475160185505,-0.10723087228898,0.119911060817921,-0.057426043977883,-0.00514862664425892,-0.158557584217433,-0.0633043045503875,0.0608751945768536,-0.0173539790461095,-0.0462975292866773,-0.0269587539256699,0.00323670079917478,-0.00601969767682703,0.00247277781781252,-0.029836356001632,0.00328424261337853,0.00564877635452624,-0.0270934775020787,0.032542511995383,0.00101457907925958,0.00276798226547272,-0.00441153367161245,-0.00577850144276551,0.00946277533804613,-0.00210438604255248,-0.0118350475299456,0.00282877031402725,0.0186690237343885,0.0170948470336388,-0.00848655264753382,-0.00885888815406898,-0.00642074003655012,0.000248468106524309,-0.00143560118646573,-0.00173623345886282,-0.00547669110032333,-0.00118043006198351,0.000243464292424007,0.000299388945531136,-5.23590207938219e-05,-9.383649382527e-05,4.11765391364699e-05,3.50507429269057e-05,-1.44061378135134e-07
"THEO",-0.105348651088006,0.206986642508152,0.0456084965379131,0.126445159299121,-0.108967372591393,-0.199512798679526,-0.2650521425798,-0.454326583536179,0.135961418432591,0.174021651967582,-0.277030509444969,-0.0429038283342689,0.343282479214849,0.138778651612089,0.177281086459498,0.144592005533354,-0.245912124237751,-0.208700449314399,0.298779943087327,0.00486946523209109,-0.0356957486752582,0.139489125389184,-0.206831230620019,-0.00147895435256764,0.0964030826658216,-0.0491122869736908,-0.00147197465869967,0.0549398251464338,-0.0195703076642959,0.0497529373401924,-0.00367805718897172,0.0232762778797086,-0.0305117719954599,-0.0195215059517475,0.0258026010243058,0.0378889160964822,-0.00914074299919166,0.0131913960506752,0.0436926025361386,-0.00295859301218034,0.0044315155427374,0.00762004679771999,-0.0192307772944047,-0.031788219342036,0.000392577914484264,-0.022918222278905,0.0099201222300445,-0.00127476095411417,-0.00665655071194663,0.002452273021726,0.00884892741104742,-0.00282232918237872,0.00110815221355205,0.00737673973033042,-0.000697488733409138,-0.00171932760777118,0.000406486037642185,0.00303700465779768,0.000156840164766043,6.98165029633187e-06,-2.07162815571981e-05,-2.66840043686334e-05,1.00030236888603e-05,-1.23359677039209e-06
"SUGR",-0.435149149785464,0.151473394766522,-0.199021882395888,0.0376670088822955,-0.100504083513886,0.149259643439256,-0.290226046273508,-0.366597845158331,0.372037256007564,0.205764573169877,0.0786229492574609,-0.128949755540464,0.123058906747774,0.23333118889222,0.210750347552119,0.0790828992866907,0.0920996517556745,0.144430356656473,-0.212152897520202,-0.0683328308942753,0.034500025434143,-0.154618140747299,0.154166047510831,0.0284128795104479,-0.0211471606987943,-0.00509128645733991,-0.00953342271362149,-0.0986465311946638,0.0153871754194415,0.0772862196972162,-0.0464230229165091,-0.0339713775318981,-0.0527721524273851,-0.0400358216649007,0.032908129793279,0.0194439140370025,0.00645814514157722,-0.0797592330960402,-0.0345261497522928,0.00413473151743543,0.0025362851487766,-0.00724994950093383,0.0616309454776924,0.0533182780438932,0.033362392087472,-0.0316461153785989,8.07011563093063e-06,0.0292000037532283,-0.0012267190175823,0.00923972958476457,-0.00642684493397139,-0.00468475513448827,0.000981709663878538,0.00182741102520876,-0.00173429917159515,-0.00631760825519956,0.00427396883308554,0.000337041523879895,0.000164924525265592,-4.48489950449559e-05,-2.90932245576184e-05,3.7738953515158e-05,-9.1311518429625e-05,-2.30938556313009e-06
"FIBE",-0.648672395611617,0.00967514523398236,-0.156062177451136,0.545952716336241,0.0396311141220593,0.010124569866159,-0.165303978984966,-0.0421883414255722,-0.106448125026399,-0.00635037120593747,0.122149328014092,-0.0460771243269257,0.0795057351545245,-0.140673142609852,-0.0638577239712311,-0.0297113584322848,0.176936633443015,-0.114226626964011,0.00204580859097192,-0.0308746130286114,0.183904404723991,-0.0341294554161341,-0.0431566783915764,-0.0948408780015169,-0.0305972912968221,-0.103760620774877,-0.0218990981529843,0.0381940206759511,-0.0357741338663135,-0.0142894777287786,0.0634156051849012,-0.0898258063728318,0.0703329788883492,-0.0397870399172425,-0.0513841072841335,0.0102249784348562,0.0392118598470716,0.0502231335507449,0.102816682369162,0.0170022237577101,0.111585110393901,0.0170106457184614,0.0778960829715745,-0.0121960351311573,0.057540399386318,0.0190891205383564,0.0229284380264267,0.0217925113059213,0.00632902562860652,0.0078440330404578,0.00271763402165701,0.00317317450363906,-0.00878502017691847,0.00326780309631034,-0.0045013399594861,0.000216183544255254,-0.00458386088811248,0.00081683063167719,-0.000143808040094482,-8.36061954242433e-05,0.000232083757974461,6.12928801824382e-05,-1.21344062414353e-05,7.25985124384642e-07
"CALC",-0.697579672609908,0.171704341014036,-0.248650356909842,-0.278472643522995,-0.217377523930387,0.12568803227152,0.0454283953986243,-0.0192694627622382,0.221362045203868,-0.0457591066184475,-0.0395723936027449,0.00292485490940168,-0.0125943860869574,-0.0161826260343601,-0.0811881252034645,-0.149615792797677,0.0765868564342403,-0.0508444387859398,-0.104991459277528,-0.249263088747283,0.00415260846178157,0.136020522749926,-0.00532360780101703,-0.115005647248528,0.0980397722914512,0.148477711438987,-0.0158524211058375,0.0824379831563459,-0.00683961001256745,0.0462011516490191,-0.100433453654132,0.0272162494233951,0.0326208820874488,-0.0231199582299829,-0.0980407185560381,0.00899314253668872,-0.0142788592831231,-0.0362117492316321,0.0543964395535295,-0.0290610282253708,-0.0197259458745034,0.0654157734351556,-0.04610737411116,-0.0236964989839802,0.027954581223638,0.0080345285563235,-0.0474841800378077,0.0467538195593569,-0.0394087206888817,-0.00677895271953831,-0.00853375705087784,0.00148221011397865,-0.0129659116579211,-0.024589914135127,-0.0117529201373054,-0.00467768169516383,-0.00379720676627987,-0.00247458243357043,-0.000962522968672764,-0.000139922438236874,-0.000237179447836066,0.000255276102461497,0.000107689747912009,6.63782878783597e-06
"IRON",-0.680973768613747,-0.274301640242079,-0.328711747977374,0.0190402121739148,0.139571469008238,0.179919423373567,-0.123052309756857,-0.113864274042003,-0.166608292461642,-0.087472160187873,-0.192343962587342,0.0769525358672806,0.000561381167785381,0.0159658656743403,-0.0679142572986225,0.115974517205891,-0.0411678297946476,-0.0543382730450347,0.0884863938238054,-0.0966173814089895,0.0698346877954076,-0.106890524846835,-0.0293595848307111,-0.0619435644750455,-0.00776624507803699,0.10271255437159,-0.111501266886403,-0.0329287513562523,-0.00804505530809509,-0.0926933355970732,0.201112892329072,-0.169253481956541,0.0819085351451877,0.0587039848964419,0.0365093033143321,-0.023899318569861,-0.0769880896627872,-0.0706209759262203,-0.03997679265536,0.029303258493468,-0.0185542743609555,0.0370281111891367,-0.0400752670602934,0.0147753477700417,-0.0134451416888588,-0.0395547246818263,-0.00835602999951522,0.0142588462093951,-0.0087761465275621,-0.00153956994377659,-0.00781146835541405,-0.0139296337317969,-0.000191739526776734,-0.000173822624271282,-0.000766809539079701,-0.000822040084561523,0.00054184658634164,0.00073586039188504,-5.47897124239002e-05,0.000118896218083576,0.000174222844603382,2.66669218729127e-05,4.96329958991981e-05,2.22358374762417e-06
"MAGN",-0.73021511744436,-0.164580553530008,-0.138043810273847,0.34589527466984,-0.0912146365593909,-0.205596849806684,-0.0864778327820642,-0.216902803024988,-0.110803163378047,0.0805451449860502,-0.0117808012899901,0.04008096677349,0.0512752915740418,-0.129313765924088,-0.00217774635763591,-0.10327742498796,0.156325810086738,-0.0848759769333242,0.0745171992024983,0.0384043730123918,-0.0620499875856903,0.115641565850444,0.0371618628036583,-0.129898977743652,-0.0346268568809067,0.0139646344371333,0.014891885004853,0.00618807081812703,0.0490698719359285,-0.13745645828902,-0.0591069095566463,-0.0683357939381132,0.00951498824406536,-0.0517925166007792,0.0121228549570325,-0.0733126523411364,0.0593750838319611,0.00260613989594711,-0.0491468728246851,-0.0575559435555287,-0.06838356826854,-0.0953775376843437,0.0514964234084533,-0.00380237694223019,-0.0362004161759535,-0.0332733351823347,-0.0316751872605498,-0.00117721534620946,-0.0300523266089733,0.012499529004444,0.0231404685608016,0.0246990302957436,-0.0147660751005714,-0.0129408756841168,-0.0037920702556593,0.00543856341965806,0.00503942515458477,-0.00264911967061361,-0.00101012437300678,-2.04889760257687e-06,0.000295385389062562,0.000334288633990352,-3.44297417310949e-05,2.02259694545927e-06
"PHOS",-0.891018568203868,-0.010627163405379,0.0252015381923109,-0.0705421565766652,-0.0203072984584931,0.0156097627151178,0.132225000843867,-0.159421095253043,0.0359126377127578,-0.057600195156087,-0.00737533724579201,0.0103047540677611,0.071357429901437,-0.0594152727697769,-0.0056819983260475,-0.117365940696685,0.217028346995419,-0.046073594844774,0.0650485470089086,-0.0581821062015214,-0.0724164646816057,0.073564251008511,0.0454855967166693,-0.117644376566663,0.0418971370483196,0.107500049684511,0.0295189715634381,0.045236022128474,0.0383680865055415,-0.0137826945203725,-0.0810545292141085,-0.00650840745546515,0.000560497857538382,-0.0236326237431986,-0.00113480610722029,-0.0177876473612877,-0.0119112610631216,-0.0520200725051057,-0.0090624934191576,0.0108572620464883,0.0246148994977805,-0.0229911854265705,-0.0155145576949444,-0.00407061349252103,-0.0399081538258992,0.0270757924280949,0.0815871012434398,0.00796705335873855,0.0292487859660638,-0.0175152889551899,-0.0318073414185291,-0.0239234815166131,0.0348092301781238,0.0472896962333728,0.0276534127770406,0.0139154680979474,0.0132814710414943,-0.00276458390994021,0.0012868776863912,0.000300365231336835,-0.000281605884895822,-0.000468726216143502,-0.000325640446892449,-8.54790888559213e-06
"POTA",-0.745903773639091,-0.285865231189192,-0.0764604465693127,0.328279845129703,-0.172121944055593,-0.0304016610137125,0.0473307863999462,-0.111601403517306,0.0565748294642558,0.17879933633366,0.121681205304416,0.0493208076768255,0.0830994718688519,-0.185025299489663,-0.00376905045746653,-0.0764442481308906,0.11425794774814,-0.00320968307273952,-0.00845325864206311,0.0632013590030934,-0.0353441802947817,-0.0266269150348041,-0.00142653992329847,0.0215720259393516,0.0462574658887779,-0.000438911886631847,0.0576615739834182,-0.0353413323844467,0.0615398570879615,0.0726524614575227,0.0388132644094034,-0.0345938760096527,-0.0838540798811758,-0.0073898661557993,0.103278071190079,-0.0236216236548357,0.0705008194548901,0.11378246281801,-0.0592072741336161,0.0886762913408772,-0.0119057733101862,0.09668296487247,-0.0714302046823098,0.0231198762443681,-0.00800017003707028,0.0268864584778906,-0.00521383605299725,0.022310104481972,-0.0345735815601552,-0.00968442506338463,0.00541426240904437,0.0119491929204643,0.00237055070561646,-0.0036714249612047,0.00737215950581565,0.00549017729691955,-0.000629192948345581,-0.00122362753174245,0.00162477453508878,4.58748206637854e-05,-0.000194852346139091,0.00030665420141498,7.71971168610323e-05,-2.36056323187708e-06
"SODI",-0.732924104629458,0.125767551586964,0.112337486589309,0.0556129618953878,0.221378779638805,0.227127786959176,0.16301863788313,0.087419699028765,0.123921333008285,-0.11227539823253,0.105940181672189,-0.118863411621899,-0.117117800361049,-0.0714150242878601,0.0360818314279784,0.0816540634526988,0.0633375091883749,-0.108218459590853,0.120655467803871,-0.11500259524119,-0.0633005772815274,-0.0408904108590859,-0.0142072332008267,0.11786080716912,0.107546883731602,-0.0668707089843701,-0.0726186875254811,0.133771598443453,0.0486540642717437,-0.142744304762495,0.174648972181906,0.113744178054114,-0.150707393295733,-0.120548951175362,-0.0570521916079313,0.0407134288569937,0.0280947077553616,-0.038118653904075,-0.0387373637713876,0.00719807538184692,-0.0251591703902964,-0.00472522846576403,0.0184189437390506,0.012432237912087,0.0179315011184907,-0.00488740366332755,0.00404686247120516,0.013310247897056,-0.00377956121878663,-0.00583257379735178,0.00346011374838112,0.00031377558997503,6.65786574682206e-05,0.00148572051199901,-0.00223535848674959,-0.000406775413598552,-0.00148601874242377,-0.00118004451071155,-0.000331924374836059,-0.000110505917028029,-4.51016257323939e-05,-4.85829085191493e-05,3.99161791385838e-06,-3.0359392438439e-06
"ZINC",-0.484777836788226,-0.160722915774383,-0.0116133550175533,-0.0125024006243203,-0.135670078814447,-0.204411063379115,-0.0458478102359322,-0.513025357384857,-0.172595590817401,-0.299375130492206,-0.140073881085298,0.0648491706015032,-0.428543334516318,-0.0872670278428342,-0.00212092733118103,-0.0399600311215122,-0.0772057524801531,0.143779663217907,-0.00716723249328373,-0.037449623764951,-0.0169233919399055,-0.0534297461091799,0.0178145757518875,-0.00257114949511532,0.0229544123949871,0.0235737348199423,-0.0798317211753475,-0.0741353855196919,-0.046466139496145,0.0724116124589453,0.0145277846945055,0.0452751643973975,-0.0555901193644167,0.0412474189988198,-0.0643991903658124,0.0459087430332188,0.0415915665656015,0.0397640952681585,0.0319101069081185,0.0258878845834137,-0.00509898135853871,-0.00595275863652434,0.0213027908291343,-0.0321867952589225,0.00705974852443126,-0.0355658902644456,-0.0263527122061704,0.0109247574331964,0.00889851639400281,0.0276223118843012,0.00407719454108146,0.0182111915249164,0.032430536235407,0.00319436395253129,0.0309180371606314,0.0127104533976171,-0.000448649772591163,0.0025326924118463,0.00178983996983587,0.000221858811901352,0.000111471146802747,0.000143287934489887,-0.000173311562611223,-2.19060345091056e-06
"COPP",-0.631136697747544,-0.220669094397465,-0.0617333106359772,0.313088086528878,-0.109085344982038,-0.283213783552331,-0.203778750615674,-0.316054336705652,-0.183705840935268,-0.0954695618564978,-0.0794096517230333,0.00629067075104662,-0.212678573384266,-0.1290892538963,-0.0291819773209324,-0.0261453614247908,0.0486711111759832,0.0831085696476653,0.0875459793278797,-0.0201679908307426,-0.0854349788158447,0.0756396409770652,-0.0445125599495144,0.110469835562066,-0.0889596067356282,-0.0950666132834417,0.00271475385817799,-0.0701465109339662,-0.0368410033125957,0.00587717184456511,-0.0339717718497923,0.0117943230059101,0.0296963852188017,-0.0707227771804358,-0.000809512110043453,0.0256148796535473,-0.00616432280475066,-0.0597229482015506,-0.0139902471554095,-0.0884498357056541,-0.00900231308911279,0.0546385814675107,-0.0404503596504822,0.0715002437785777,0.0208068577057717,0.0575800411355793,0.0119405265114462,-0.0394473968718795,0.0244914789659964,-0.0227608660504743,-0.010998730951413,-0.0177675686023932,-0.0179961610410884,-0.00892339213313694,-0.0143373717844343,-0.0156454546008707,-0.00291535560315044,0.00335761869779341,-0.000444494999730162,-0.00023995782162142,-0.000191380340545785,-0.000256557169012695,9.61175945384332e-05,2.1577605490853e-07
"SELE",-0.7317709375113,-0.117166944102847,0.270252314861456,-0.077875091245391,0.31028564041196,0.144045867370587,0.23680339571021,0.0213337390724963,-0.0254510440077292,-0.123812437816378,0.100439471312988,-0.137827802525103,0.0138252707704101,0.0080558424085224,0.0909310690084079,0.0308181282753263,0.101522297423698,0.0169671565434451,0.110614330685879,-0.083513374301749,-0.132749274557993,0.0191244047870012,0.0315472718130039,0.0520031170581638,0.06839058051839,-0.0881502741682947,-0.0318867357047611,0.0496384270227278,-0.065410802193315,0.000911650978122231,-0.0449333062090119,0.0646295551032045,0.12762477902193,0.114035397654553,0.0997466118782859,0.0279149148422842,0.00844224095125383,0.0821908913875073,0.050724476466241,-0.0567547105324804,-0.00805278431736593,0.00751296956271635,0.0203384472407909,0.0813439944313822,-0.0164549017930205,-0.0571869731646036,-0.00407801701870646,0.0281393423467392,-0.0305806687266838,0.00565359168046146,-0.0213453406360542,-0.00838172593775461,0.00518286201475197,0.00494967288175807,-0.00098462300285505,-0.00199760912410181,-0.000311889009286194,0.000620792807552059,6.12054018441895e-05,-2.27274939777577e-05,-9.91937861223815e-05,-7.58781870853541e-05,-2.11862162470683e-05,5.80312837897145e-07
"VC",-0.348834146135,0.0215292190717286,-0.030246492187779,0.535009078926422,-0.307692880439307,0.0598619453441744,-0.07330729832814,-0.122552615172632,0.0605679071237862,-0.0252269874364964,-0.0198465301859249,0.0276074378094875,0.0120401870734119,0.196124714402808,-0.198224959780439,-0.234009066333912,-0.0664545019445752,0.0640100494892682,-0.213210140984049,0.311256918530383,-0.148035048360264,-0.0350612151086669,-0.00278648864667814,0.260628444562311,0.226722139837042,0.0828342329748345,-0.033502102917215,0.102551877835136,0.0710716025853832,-0.0851468415075686,0.0207667476065035,-0.0394564620266258,0.0662342919154749,0.0172189694119504,0.013919163661076,0.0142007310768319,-0.00698214175099733,-0.0102932085459531,0.0362110846660154,-0.022885010489725,0.0164088804631961,0.000270925024861934,0.0104286265976522,-0.0149377310738,0.00149942705279086,-0.000353412050980692,0.00457241122601212,-0.00629011864361799,0.000133212612597501,-0.00155325603413843,0.00125892512161294,0.000103682871428265,0.00654929443267131,-0.000610457118446594,-0.00456069059798095,0.000682460557130936,0.000570933978706317,7.61691518859223e-05,0.00015209747951226,4.04530871431873e-05,0.000146342857593485,4.76077266717318e-05,2.32942198457169e-05,1.18000723264993e-06
"VB1",-0.513576289706172,-0.217091324223316,-0.27610644038508,-0.00517068447580903,0.276512185768299,0.358413696574118,-0.00532011154432995,-0.0364218397386649,-0.125973805963243,-0.217338839861628,-0.0380661563468409,-0.0388999858437062,0.0733913110892006,0.174881884102242,0.0574768402337789,-0.12125722500099,-0.0370553456295062,-0.0197134539630456,0.0186254466624889,0.120521470712668,-0.0453515834523385,0.341567895933835,0.225613316958383,0.0745376564681025,-0.131823371158088,-0.135890830007475,0.146420310501698,-0.048566569519458,0.11572014145336,0.0482459239368973,0.0619976312947355,-0.0209231960704926,-0.0142673876731826,-0.00893205653575125,-0.0699847061427694,-0.00165741756501796,-0.0473608942041095,-0.0120751271556365,0.0521920196033697,0.0599698205756873,-0.0131844976910053,0.010074905682163,-0.00522860307777412,0.00207118317082322,-0.0143823360511076,-0.0169878732547771,-0.0101711060812886,0.0157436051023052,0.00156383576229614,0.00130907938275449,0.00118636844444289,0.00227855925543854,0.000513749233258947,-0.00197711023501249,-0.000285295530194248,-0.00132715679751716,0.00155766101915286,0.00238093582973492,0.000445306871537038,4.2406818552158e-06,-0.00023455586354056,4.12483228979994e-05,3.97695141380124e-05,-1.07701811126195e-06
"VB2",-0.704549850268995,-0.292180434370721,-0.237681051889955,-0.106372604122606,-0.0386898884528571,0.269470082952124,0.228366483902032,-0.137575132179926,0.0521896447446207,0.173454004624705,-0.0402870183139545,0.0150772980195267,0.0227926037836696,0.0318785441528507,0.0843375756051746,-0.144979453851187,-0.0688134336970881,0.00753004176338052,-0.137927770750155,-0.0815710749121055,-0.0231671073021318,0.0746375693870767,0.0127784134420613,-0.0183356462419883,-0.0829111821627991,0.140881537684748,0.0635415544996149,0.0326258259678535,-0.117965787621232,0.0570025104935794,0.142030433344819,0.0796045519503107,0.00732010663166159,-0.0320503263736311,0.00343973212013264,-0.00912180471849047,-0.0664159975673497,0.0579459003235177,-0.0484161510850907,-0.0604759536707469,0.0609662398563465,0.00160538362491411,0.0250974291724375,0.0101055321731835,0.00224990720465985,0.00050813365091195,0.0163100943415328,-0.0774861687554453,-0.0309108087309319,0.0257098949175582,0.0260468863111715,0.00669423025416506,-0.00330701125221322,0.00633195025827166,0.00168155585840418,0.0154273790500192,-0.00569387360095115,0.000410974097592201,-0.00164523919527402,8.07710380113122e-05,0.000139740294567178,-0.000225302590392343,-8.13843026851926e-05,2.58630013886655e-06
"NIAC",-0.616692956818737,-0.484032147705433,-0.0118607586422466,-0.111714692892139,0.221833708960803,0.194425767129869,0.154399541191236,0.0675107852004024,-0.0225127884244259,0.0388797861290429,0.145520906015134,-0.189192749974891,-0.011830378033593,0.0160878100133278,0.240976247859134,-0.0953008056025049,-0.0741348623119101,-0.0248966893079343,0.144124525519313,0.195413781479678,-0.0817081636168434,-0.0273314171320664,-0.0338859938828563,-0.0252687272546126,0.00512684338034761,0.000766573430130015,-0.0790830517111002,-0.0732254020301071,-0.0742803527940342,-0.0137778755346852,-0.0500498531444073,-0.0534960310090987,0.0116006084595303,0.072087039074437,-0.0157733526222538,0.0125613329612846,-0.0103384394894267,-0.0355116413645514,-0.0203062697594982,-0.00523985695964641,-0.0768156091536005,0.024766656855694,0.0416010247376939,-0.0587950450223902,0.0855731184245956,0.0726063926026936,-0.00182533247867229,-0.00400746815019633,-0.0371102348487919,0.00538645162710931,0.00621500418029033,0.00139576717711044,0.00381048245973755,0.0217291241388929,0.00208430877490083,0.000363801881435433,0.0058106038921021,-0.000195044888509497,-3.95575170168504e-05,-0.000140193009574813,0.000229947853511319,0.000159849318675202,-6.3903557115037e-05,-2.36441750324933e-06
"VB6",-0.433111894013119,-0.614745630488968,-0.198746483951339,-0.0439679203529157,-0.0722649584685282,0.00961916974428506,0.148542294819429,0.031417315864142,-0.0061948007365238,0.142138003918106,0.196847910084923,-0.164637478915916,-0.0210172292511945,0.0735355286521058,0.210064920580327,-0.128188086847203,-0.0105976477165911,-0.0650674359216046,0.039306249106152,0.251919570864095,0.0344609557615211,-0.106088420474992,-0.250778199147819,0.0276160440244844,-0.109692285511729,0.114804734592723,-0.0167845230162328,-0.0536474921597667,-0.0712383427722789,0.0201493875326469,0.0117196264440941,0.0419938046060246,0.0188074585812879,-0.0615156428146281,-0.118701427041993,-0.0292226207779249,0.0177890819819042,0.0162782439700814,0.0213587525904655,0.00792714304250199,0.011015766425152,-0.0252765087022462,-0.0342141639833261,0.0304901942916591,-0.0490125272536601,-0.0377331490647088,-0.00962862328149915,0.0434376431511559,0.0335916749907124,-0.020003950522432,-0.0173384344982969,-0.00825264102194847,-0.00129484605832779,-0.0127598741512511,-0.00227947854289319,-0.00824587350709766,-0.00138954022124965,0.000521410347144799,-0.00275685828738192,-0.000163287767960698,-0.000257741718786337,-0.000755628771705086,-0.000149316010137482,1.98633672005039e-06
"FOLA",-0.672683227584327,-0.268802379482513,-0.382004956832539,0.137791817677535,0.124420763973397,0.342363908424365,-0.114950029371624,0.096500535733671,-0.150713065168391,-0.105742309061284,-0.155067039705416,0.0881294544438555,0.0818163521878018,0.0239267619021925,-0.148420160774197,0.0806515849527847,0.0277464623599316,-0.0454352675809761,-0.0617410724055107,0.0644760592731711,0.0980551741056186,-0.0537592280596923,-0.0970809701784891,-0.0223495713867791,0.0332256433107317,-0.0272121683717135,0.0148784674841402,0.0138186002311638,-0.0134471530282271,0.0535807530789653,-0.0824445440349826,0.0642366387290737,-0.0492619262712687,0.0173207694979205,0.0132237049821974,0.00961592539188874,0.00159038776883295,-0.00363480901299918,-0.0229043939492263,-0.00622606696209379,-0.0125887009990853,-0.0112669344526953,0.00746938090465966,0.00767219198033265,0.00268109274796535,-0.00261414711390614,-0.00142059954392045,-0.00538670237332736,0.00578052709082913,-0.000991779855458344,0.00121286259527009,-0.00102377376788666,0.000105792993674654,0.00233339544874023,-0.00150654137964792,0.000984593153899561,0.000932984362255537,-0.000258554813740806,-0.00612197025370298,-0.000515635048947873,0.000488430481291499,0.00489477342587933,0.00163491714973849,-0.00260747050409397
"FA",-0.272297887750397,-0.445328684189444,-0.474764068840703,-0.340226657907764,0.164520907056797,0.398851774613966,-0.110755267926982,0.108028372651535,-0.0261318971661827,-0.206395383001986,-0.190913892639511,0.0873652499054064,0.0421784923821075,0.0676350803145014,-0.0505508578604164,0.135470708020544,-0.130446052774256,0.031219987153098,0.0528360616880602,0.00644426859782003,-0.0384705203146602,0.00194595911776525,0.016721702569515,0.023691163777828,0.0271475994154772,0.0648176503296296,-0.0542659826015068,-0.0470565447966124,0.0138744112028173,-0.00167298778608828,-0.0637922780543481,0.00532376909535963,0.00960420364170603,-0.0850935728529228,0.0575264964778705,-0.0252299134848467,0.0912475204117703,0.0336131447235628,-0.00895266268043108,-0.0165700685105984,0.0390182559913564,-0.0158943839277006,0.00783379311268125,-0.00757673447949272,0.00960069602757773,0.0176456203950272,0.00774805543996267,0.00804019433743394,0.00341009999670286,-0.00494661485462368,-0.00298126463040761,0.00810232908623462,-0.00412705695897587,-0.007717100051609,-0.00346240778520107,-0.0055554297562273,-0.00121301120611289,-0.00298919665210341,0.0147408691848129,0.00113603237020912,-0.00114864132924019,-0.011851393439445,-0.00431874173356067,3.04086264696339e-05
"FF",-0.625032145470906,0.199262156865158,0.0460126502959976,0.556654345395548,0.0410361703524132,0.119791120862719,-0.0445989787552682,-0.00770560957760649,-0.18607172212756,0.057991678581448,-0.0242397251817767,0.0127013801530514,0.0595489609105051,-0.0213847130322178,-0.121518203083094,-0.0385311927224917,0.143961373356552,-0.0970605810086593,-0.156620300296509,0.0701813881778741,0.188392443718844,-0.0515600825018017,-0.13719617056199,-0.0652367754670965,0.014296267499451,-0.0860691624150331,0.0561154945643409,0.0661601343495324,-0.0340371572734122,0.0675199856289505,-0.0371572909578914,0.0753689257053975,-0.0709507294851479,0.110524939828898,-0.031390672630764,0.0341217365634688,-0.0783160878770806,-0.0313163587591531,-0.0256099548499351,0.00573126634547921,-0.06078365454532,-0.00272019630205465,0.00381422468881796,0.0120770264661574,-0.00515732326906719,-0.0157510502114381,-0.00514991635988118,-0.0154201176529894,0.00216463934483113,-0.00182956711348065,0.00210909506632034,-0.000128293486955442,0.00104404590976661,0.00174778412717618,-0.00179487946598187,-0.000473383801368303,0.000922969531786741,-0.0014189003665546,0.0105899305805048,0.000873214027219142,-0.000749961517203297,-0.00886371578203697,-0.00321477135598479,0.00084575591361646
"FDFE",-0.559346877569697,-0.395453141751843,-0.469789035221,-0.0468533033152505,0.130237032876404,0.356526728572368,-0.117852456886939,0.117305531747905,-0.107733666497432,-0.145834782761812,-0.173266909276797,0.0996066562118415,0.0748015852595605,0.0362075149692525,-0.129693438881639,0.110303462041391,-0.0204777481840927,-0.0170607352455448,-0.0127605325510863,0.0498143382921406,0.0438741836441414,-0.0440914388381588,-0.0631825885604242,-0.00110667224432442,0.0346291258782013,-0.00103243871863448,-0.00277523895506217,-0.00884922398425078,-0.00355410262333701,0.03825343418107,-0.0832547589539762,0.0474377486185068,-0.0320955377459453,-0.0211003732091201,0.0268696678589465,-0.00112231543238065,0.0313178583373526,0.00727046048067493,-0.0178076921328879,-0.00917269180028165,0.00800705241329983,-0.0123628598272868,0.00762597019510602,0.0049297252857567,0.0051628196990463,0.00297452996773076,0.000468620356511874,-0.000369445123842067,0.00641262273795461,-0.000304638225437565,0.00100724322233239,-0.00178710632188148,3.9445405597656e-05,0.00241340317844501,-0.000815330245496649,0.00168504929050029,0.00153483688956085,-6.32915630775315e-05,-0.0110489960879461,-0.000892640232198124,0.000787469426416496,0.00950709752729957,0.00346558381198733,0.00217640220646622
"VB12",-0.448874417132963,-0.541045806275344,0.216368194440283,-0.313009182507447,-0.222803602222834,-0.0428494302375053,-0.0232251804670967,-0.256098701667529,0.0314185124164088,-0.121374304543431,-0.0264562289130424,-0.0703890164488212,-0.2959834488305,0.0699625473312347,0.117617629904338,-0.0860021810071806,-0.132608520921544,0.0254880454486374,-0.0876830907613258,-0.0747066985062841,0.141375324688528,-0.0371492268901768,-0.0316749686641709,-0.0447914284256757,-0.0296727436317138,-0.0147849743212524,0.0715554656574678,0.0885285336934631,0.0892249532046813,-0.0145590534144886,0.0291334504997875,0.0431249439167815,-0.0134728543462908,0.0836799508157879,0.0836194966249305,-0.00527408000856873,0.0192765449546546,0.00741808482655577,0.0104157401543328,0.0333051412326715,0.00552048224993556,-0.0308482253817792,0.0262100810798707,-0.0371706416278549,-0.0277273932401088,0.0196953748011588,0.026018268942383,0.0205885355862456,-0.00496779926094904,-0.0451012555500109,0.00363879602949898,-0.0144036537431015,-0.0459557954270306,0.0131268497095062,-0.040142046279959,-0.00335058045737527,0.00612479671564515,-0.00857731619856125,-0.00320856339122652,-5.37938973478145e-05,0.000226503373934711,1.64543934561576e-05,0.00015839665057885,3.10719282368377e-06
"VARA",-0.302810158046422,-0.361320734755605,-0.361755330739029,0.158824614931395,-0.627024669532989,-0.148583279804428,0.135919537320945,0.188807481583371,0.0905624240681811,-0.0629687574712278,0.0786414485308373,0.178454406703168,0.0525532542468445,-0.0280437666457551,0.0871210377783918,0.185148115872293,0.0238835087496377,0.0167546763399503,0.0730615595757773,-0.0277150520834455,-0.0377853226018389,0.00539013837784964,-0.00278159252067165,0.0864534863544235,-0.122169613368713,0.0245441117810665,-0.0842187183798855,0.0771463043143451,0.0532933696371207,0.0559898021329723,-0.014617197877823,-0.0014725321243991,0.00872446281386424,0.0200431859035603,-0.0227942906123762,0.0239021586726936,-0.0350392303435116,-0.00459359799251874,0.0193391214505666,0.00869086710887456,-0.0133042467953143,-0.00593958350038975,0.0300643161990003,0.00798994332653691,-0.0121435119463704,0.00178072120600527,0.00107758355220449,-0.00367199340328827,-0.00461761341579258,0.000294577025354053,0.00709935799683813,-0.00093486090791996,-0.00496955765605024,0.00615480065714787,-0.00346847541425306,0.00571865223956355,-0.00158503852121907,-0.00628766276198806,0.0339384141048174,-0.00232323294051088,4.6423168292178e-05,0.00575555859175628,0.00166718958991378,-2.04962101634588e-05
"RET",-0.256582935328005,-0.468927442851152,-0.444692184349495,-0.442305609293986,-0.308149887046774,-0.261391869658404,0.068459731358801,0.0715244818199595,0.137824006958949,0.0364816891736074,-0.044739458662593,0.149532002124463,0.102189702969136,-0.0124504062404658,-0.123577559002017,0.0915511379940896,0.0806507820935352,0.0581473707823195,0.0273895906012721,-0.0600443179569666,-0.107308190878163,-0.0431448707925091,-0.0669004481619832,0.0409886518425017,-0.0117426946515639,-0.0172983496237129,0.0208316000125585,0.00484314009449882,-0.0280162044017348,-0.00962326272367993,0.0201677042549177,-0.0074266121791109,0.011351733249795,0.00087632414632827,-0.00395833460047754,0.0586340557302488,-0.0515946105608397,-0.00662272900574719,0.0675125637534754,0.0662866416619603,-0.0564965085527147,0.000764300203881932,0.0812764196531688,0.0236643300258865,-0.0437156594963888,0.03525970262017,0.0361929931059499,-0.00815015398986565,-0.0159345208006252,-0.0107147578096194,0.00457524083131687,0.0318836823696512,0.00885428968494014,-0.0189050619316863,0.0108361087448973,-0.018121147058133,-0.00796406270818338,0.00637577186756377,-0.0178522292324216,0.00127377918972989,-0.000658535546708396,-0.00358149140636649,-0.000964330513140758,1.05549477729141e-05
"BCAR",-0.217247085588577,0.0856525113607119,0.00386759311762473,0.623264299700232,-0.530612342654179,0.105174834473481,0.122636200453676,0.156614901936419,-0.016411160056925,-0.115140113447184,0.0775719363790398,0.0593195301449507,-0.00991141005005672,-0.0302732227874737,0.203467289835861,0.164396634541159,-0.0441621626763759,-0.0298801988156251,0.0398724761250674,-0.014899695441575,0.0728839158629885,0.0874581285727911,0.08463596118045,0.0709558083597656,-0.155316523587907,0.0471100119698395,-0.177947038545519,0.118190909613157,0.114883516876999,0.0911275028536922,-0.0356551133022277,-0.0166647496122174,-0.00760329716130437,0.047011857940084,0.00786725618423376,-0.0115433238429529,0.00726884235845161,0.0101940314997797,-0.0384190126687605,-0.0336508962635275,0.0152540347703299,-0.00508804983267978,-0.0196416431725491,-0.0165818203220126,0.0190235901418987,-0.0106452564120953,0.00046001289355303,-0.00207947787446571,0.00609465845790189,0.00110456000607392,-0.0062532093187444,0.000935405930901162,0.00686620880348386,-0.000301313577188062,0.00702587348083045,-0.00520991981169279,0.00273241766846195,0.00447372537209879,-0.0243191121573102,0.00166282637335485,-2.8502452250894e-05,-0.00418358913618685,-0.00124100862020616,1.54249835626748e-05
"ACAR",-0.129134167309581,0.0637913664244727,0.0271733065541483,0.411469158137781,-0.220446671537165,0.0662820796744311,0.0222786591277378,0.048166125367391,-0.0634485046140637,-0.238980886896341,0.338865872875183,0.515568423845402,-0.053212917968476,0.0626382446863018,0.370098683712343,0.19901616457128,-0.0948083364054111,-0.0620784565062433,-0.0868220087867289,-0.0192807397516814,0.0174549871470114,0.0339153036828567,-0.000582053493427952,-0.0771044151062285,0.203171316578124,0.014787943563634,0.172759425959755,-0.107269071942416,-0.0857422207424461,-0.0926031148100343,0.00155021167232224,0.0112289199918269,0.0207094336796418,-0.0160351745437794,-0.0107136680009589,0.0022541221677852,-0.00634746985265123,-0.0108481315290794,0.0101027303294172,-0.000697822792824231,-0.00249259228944537,0.00536167436018394,-0.00661611216371085,0.00567356119494756,-0.00152333404582194,0.00236955406358035,0.00433306201123178,-0.000181588283015593,0.000430938769566557,0.000466874485145809,-0.000721972680512201,-0.00199287202469586,0.000882430086104384,-0.000878769200523471,-0.00358587649137444,-0.00148994795859989,0.000256194360206363,0.000201171159966582,-0.00236606392034781,0.000189208389805097,-7.1008720867109e-05,-0.000398008459612837,-0.000107450263926341,-2.13881190620334e-07
"CRYP",-0.116464511686276,0.0876462938230939,-0.0284652786119487,0.373995057007023,-0.0138795923161771,0.104645182588921,-0.26499368584654,0.0186788972618119,0.152931522509141,-0.0661735748193072,0.42500857870681,0.194653451035763,-0.0152503147797517,0.357843949200336,-0.299507721395366,-0.245893619805937,-0.217464025717399,0.122966813280237,0.23829717879567,-0.0712953790542363,-0.159177495392197,-0.0720799173439389,0.00289930979743695,-0.219583305020624,-0.0934523090142563,-0.0687534370777297,-0.0674319667375052,0.0577460897158838,-0.0516847170012814,0.042723789447941,0.0200422233437545,0.027686967689707,-0.023936846046911,-0.000265811540049928,0.0113353960347551,-0.0163755002160494,0.00915067412871998,0.00276540186493323,-0.0112555307862496,0.00783362518063226,-0.00726943051045869,-0.00278285370894871,-0.00579844011629295,0.00898431313661772,-0.00825377661853472,0.00408828536485864,0.000392445468501505,-0.00258426018299344,0.00397434540651621,-0.00185521515204473,-0.00384924204791755,-0.00210767475641705,-0.00292078376298851,-0.000471945841232681,0.00230578745495189,-0.000275735146333933,-0.00104983562756503,-0.00040495977624528,-0.000518493961427965,1.25626165134602e-05,2.1566932505484e-05,-9.88464311091713e-05,-2.59450861505887e-05,3.1676181260016e-07
"LYCO",-0.296225597278748,0.117505983503137,0.0129561927295501,0.062776122617227,0.116954489890142,0.143673288305754,-0.192953173771296,-0.0858784747515059,0.223669441867994,-0.292353992297271,0.250161051085313,-0.266012780170162,0.143968548685311,-0.481072826213599,-0.0911909841635158,0.179358448371305,-0.288793089321089,0.0150223318176895,-0.223538513839289,0.00726166415959031,-0.26380997824189,-0.0366706141936088,-0.141223492196215,-0.0698779944309577,-0.0781258777674876,0.0230187647959706,0.0938097867723864,-0.00287399720689937,0.0763247064993849,0.0145843769785328,-0.00422784690586248,-0.0300653201423601,0.014967504974748,0.0180799843100861,-0.0103998502467528,0.00450514122083686,-0.0276735872219792,-0.00376016331614516,-0.000777221764678553,-0.00610185517073838,-0.00157324439094625,-0.0103029101760246,-0.000118460170031356,-0.0087942523756028,0.00114966462390231,-0.0155723460159997,0.00550161221488177,-0.00478782335774735,0.00952292973752558,0.00497705697501494,-0.00101371960665064,0.000587655359198603,-0.000953007917705176,-0.00067502117218719,0.000608945231169624,-0.00167653748046601,0.000421310483842116,0.00128334934941808,-1.20307510267785e-05,-3.18054565099253e-05,1.6651791706662e-05,-8.43053712233152e-05,9.49538828129185e-06,1.71383230795653e-06
"LZ",-0.14229622797148,0.0456416332460324,0.0386970458990415,0.571727554334518,-0.498064456718085,0.123879021651394,0.307218596856947,0.139332304083811,0.129208354712314,-0.0516342285420812,-0.263696724937859,-0.315632016658483,-0.0437206586622196,0.0609555083540955,-0.080565812195229,0.0540275918495602,-0.0601174371048324,0.0960951544538738,0.0920325098694483,-0.0478422331680793,0.00520319629089887,-0.036262788914964,0.0453826300084212,-0.113641683378903,-0.00965723350255627,-0.0224735905105601,0.0824621494768898,-0.0891237382724765,-0.044099175549991,-0.0512601485636409,-0.00240572604645288,-0.00297974057161945,0.0125860222058191,-0.00899589685540086,-0.0128060353667243,0.00363945546992716,0.0162206913776151,0.011186062025989,-0.000591981791878438,0.00580041147810454,-0.00372491471166995,3.96186635167504e-05,-0.00464258093488808,0.00357046427688559,-0.00679164138596434,0.00300620868383759,0.006616085066054,0.00193775679625981,-0.000618124474744166,-0.0119890151379078,0.0259633496354665,-0.00407318937763672,0.0619457684891052,-0.00609708502380983,-0.0545272606290045,-0.00100418601069409,-0.000613624709089586,-0.0022778275758505,-2.58447478601227e-05,0.000133594790665996,-2.83878556944301e-05,0.000119699800679911,-3.04819663682589e-05,-1.78837327871754e-06
"ATOC",-0.573538945919103,-0.266489685168074,-0.13477491666705,0.241162602812514,0.0539262937097143,-0.285517538730665,-0.184237448588821,0.203602184081367,-0.0276729437476438,0.109049241623303,0.118421643502352,-0.214674928480315,0.019661026071619,-0.0855722064056916,-0.0171623002887102,0.0089677933468321,-0.205073500784919,-0.116831950271808,-0.239757388750692,-0.0703437161029722,0.0739706797583771,0.227838873853146,0.10856806503869,0.0113513567409714,0.0877017089781772,-0.00580993533209361,-0.187980576050838,-0.0335270189400661,-0.160155791303011,0.0234466088713522,0.0259903896082239,0.0501542988440779,-0.00291830372392354,-0.00708375701159838,0.0729466347302379,-0.0342920478795286,0.0359778089661883,-0.0544655867771866,0.0449008511675491,0.0626259487589002,-0.0150373136970355,-0.0321513002282867,-0.00605630134109476,0.0177343351514619,-0.0427965980468773,0.0292253971219509,-0.0174178546017905,-0.00900371800248967,0.0156479395489878,0.0101820289387606,0.00176136584728146,-0.0113973592772963,0.00615124008185812,0.00285048164816203,-0.000641316015012785,0.00612663614493926,-0.00264246467392888,-0.00403983296175097,0.000214985530845897,0.000207349819646101,0.000138783566701213,0.000274279121794982,0.000105556229241527,-2.0721454885324e-06
"VK",-0.168019375950561,0.0348440930564139,0.0266951125142865,0.581768888588633,-0.493705161914135,0.112628439992838,0.290864353316109,0.190613838090857,0.147181502644342,-0.0419236777678949,-0.289860291259101,-0.287426542197255,-0.0522221560964566,0.0735456313865487,-0.0588380195286463,0.0500754747543407,-0.0518604810169916,0.0702505043306546,0.0635856726884333,-0.00913922570574625,-0.0200775381060152,-0.0384587275283516,0.0339146675354517,-0.0662875991135943,0.0347161510301407,-0.0152173529557367,0.0849589518770911,-0.085215672000927,-0.0482197628740653,-0.0532637460737428,0.00842384917043525,0.0165843610273733,-0.00788622561296552,-0.00466621490524923,0.0128925468669383,-0.0105092403587292,-0.00384774063060436,-0.00494414588896758,0.0237534229081557,0.00916663562584697,-0.00348847656360359,-0.00285010278000842,-0.0045405446985036,-0.00202143770193064,0.000353984659189611,0.000496493553151833,-0.00356237380554118,0.000905412904080316,0.00579074495786342,0.0141726055640345,-0.0259729921502859,0.00269524301348601,-0.0637763638180498,0.00585539031778604,0.0559073551241716,0.00142640575901472,-8.74371212597946e-05,0.00288828355602354,0.000155470832114617,-0.000128289665528382,-1.95529643629604e-05,-0.000126236017012937,5.27593258466654e-05,5.75658647531372e-07
"CHOLE",-0.599051325492556,0.15821529363439,0.387485381043491,-0.0484345110744078,0.128028981278309,-0.111759732777043,0.438583912051679,-0.120584196463412,-0.184850381773331,-0.00115165041915989,0.0320363530726412,0.0422636140600285,0.172195214122957,0.201040825566672,-0.101252203408911,0.116381615635161,-0.0999530885220127,0.0251381438016915,-0.18447204597235,-0.0977552939370243,-0.0201836928339933,-0.00574882494608316,-0.0474453104609895,0.0614162097198988,-0.0909557904379332,-0.0469400963885009,-0.0183981879295558,-0.0012466516439145,-0.0468540637084847,0.000729710457568535,-0.0122154580670483,-0.0243099418656573,0.0598147473076827,-0.0143345628506083,-0.0169134324691112,0.00747301430896409,0.0428380877503623,-0.0270975475635449,-0.00366360889541357,-0.00675476691535015,-0.0279954918122779,-0.0109732831212697,-0.046081317526196,0.00781942435139703,0.0409042391889547,-0.00265686804902283,0.0461892424332873,0.0388214634130512,0.0168202711645728,-0.0410807770921965,0.0516496414305424,0.0316595157900843,-0.00958337555819538,-0.00960836513378645,0.0149599913565216,0.035608784501456,0.00305601695039178,-0.00858030660379688,-0.00055877516644068,0.000246440043984217,0.000362847297381927,0.00035849579936186,-0.000147167649367768,-3.78952058472895e-06
"SFAT",-0.792289673455037,0.504218300341214,-0.0189736258756814,-0.287922794785061,-0.0870457958857404,-0.0622780926718728,-0.0176930275059049,0.016587201685447,0.0113304731780152,0.00643962536580421,-0.0286227848922652,0.0119438529001912,0.00505659006822101,0.00619820376606011,0.00136985502020754,0.0246438981716802,-0.0680429139477503,-0.00262631040435548,0.0475887578817721,0.0526807449435998,0.0263786640413456,-0.0220712492292743,0.0171848813070613,-0.00659378062206132,0.00966442536975912,-0.000223443895198258,0.0181520782313763,0.0189591380045432,0.0182001933289051,-0.0172523025693144,-0.00171177036197383,0.00223699604572557,0.0193656765889154,0.0380924206742013,-0.0349546226664598,-0.0132363876152265,0.0110476386414024,0.0123836823863732,-0.0192559993083323,0.0137583511793013,0.0190139545975113,-0.0112840491920933,0.00652988447159403,0.0335431576881797,-0.00068494466937974,0.0277160903606435,-0.021495488631953,0.000837959712239355,0.00559649119495045,0.00833758769541332,0.0214622750731795,-0.0142262692061931,0.00137905014981051,-0.00296636054978249,0.00863652923247706,-0.00383845967247319,0.0141873075119848,-0.00191457067628746,0.000734543634895163,0.00108602044996891,-0.00233786959642936,-0.00698237527628359,0.0156111657494643,-2.21019932002613e-05
"S040",-0.574924956495219,0.566045774831632,-0.0398512288597518,-0.393550195945095,-0.263926979475808,0.0566186751770029,0.0390727494340387,0.061258383698336,0.158894449168393,-0.0963816519563926,-0.0100715762691051,0.072769136045292,0.00126363578899594,-0.0170956052044876,-0.022199612147629,-0.0783970679339419,0.0712699379986182,0.00776505195387317,-0.0486834587800345,0.0541044640628619,0.00734036014078244,0.0760251632188928,-0.0889954442885933,0.0281656176183125,-0.0622629069007618,-0.0642222071307566,-0.0573120372548125,-0.0353428307991249,-0.0946775408754771,-0.0613931361729233,-0.00782753974737037,-0.0232497028427396,0.00471929397837279,-0.00527137172486502,0.0111688589436266,0.00852317932325031,0.0287692572022949,-0.00471833611717496,-0.00227778956605785,0.0385635491901623,0.0132479767954567,0.0188256151950289,-0.0332135029498628,-0.000660512995477635,0.015684549482309,-0.0470925067798146,-0.00902549197948802,-0.0437922091119933,0.0129522047599291,0.00675030673146208,-0.0182624097607635,0.0552748353532945,-0.00768674136683003,0.0388668437621744,-0.0190591301400731,-0.0282398395433021,0.0351445530207067,-0.0215530343557662,-0.00125782749364843,-0.000270767979463839,0.000185952769839476,0.000544187471299068,-0.000624208035490915,-8.27797135192025e-07
"S060",-0.588885694692626,0.564082581814752,-0.0502992217829324,-0.376972561020671,-0.290016832406977,0.0246034234800489,0.0229002440343717,0.0412898906171414,0.0795626122467252,-0.0656644296940343,-0.021089015182773,0.0815811965075243,0.0206740094248355,0.0180266390765976,0.000845646175019923,-0.0658589907263507,0.0671866029846085,-0.0013958342383055,-0.0846261104882181,0.0635538897642506,-0.011719350429386,0.0716919884941425,-0.0990773457609497,0.00459578665171925,-0.0727532328584245,-0.0760800852002449,-0.0693857283918796,-0.0834811541840356,-0.0171297992801463,-0.0650992119793257,-0.00560595987300542,-0.00633355930728499,-0.0195122649950357,0.0115486513258792,0.00789914767122636,-0.000998425066890513,0.0529265428867247,0.0195167345062585,-0.00217727740029299,0.0425109499508023,-0.0224536874568008,-0.00991752553497077,0.00557190441325458,-0.0285132917241227,0.0309002732824924,-0.0401330763931406,0.0447154851902377,-0.0452951414622235,-0.0305308890198535,-0.00269359172821519,-0.0385146809637618,-0.0580313088852754,-0.00127590204952048,-0.0407587718577794,-0.00601747258778829,0.0306709480694052,-0.0119282788699778,0.0101410638839113,0.000260910865827724,0.000173335315179491,0.000205343278620202,-5.99357911006092e-05,0.000196264604356843,1.5223411086177e-06
"S080",-0.503240652347987,0.479552996820241,-0.130694689092778,-0.254342629685287,-0.336609252911951,0.0612872723669793,-0.193921219382826,0.0993917280260648,-0.448590955480316,0.144743155080538,0.0632984935713946,-0.115799853037255,0.00287169024492375,0.031664774484498,0.0567006705150665,-0.00400442997966104,-0.0111169122981757,0.0647079712024475,0.00243212661557847,-0.0353481034585297,-0.0944634339078317,-0.024184943979637,0.0106053749927492,-0.0038129856014675,0.00738004417383398,0.00203000049148953,0.0430237818512964,0.00107683383671444,0.0212948194411776,0.0013728870370115,0.00672854887946449,-0.00846899393264081,-0.0123787394854795,-0.0239192700230524,0.0232449581390299,0.00475017548762575,-0.0120802563838597,0.0175658776084614,0.00715048322018556,-0.00980045750156576,-0.013997830899145,-0.00288489762877915,0.00181348754621797,-0.0208284942238356,0.0101472387123962,-0.0139591932992111,0.00260173419601961,0.00605318631834299,0.00484535636063053,-0.00301064009829736,0.00533030732587335,-0.0156533612586235,0.00743508040014232,0.00914569975296321,0.0143025056021911,-0.0227553902349945,-0.0542049655513881,-0.0441353963057797,-0.00241715669048255,0.000172686384170943,0.00120122258012509,9.61809933561568e-05,-0.000112805949550942,3.32331375918266e-06
"S100",-0.576484360484674,0.536629850934457,-0.0642575945050919,-0.326337527872805,-0.339236852875982,0.061447275317118,-0.0625846495747561,0.111240247770365,-0.175589981945172,0.042766647321052,0.0499474917684102,0.00270224526325515,-0.0205901710822989,0.00988831892422782,0.00418181442128184,-0.0179277044769627,0.0241514593848604,0.00378417056216555,-0.0533074826060009,0.0412430269090763,-0.0616250619395228,0.0150855837071376,-0.072357060117552,0.01660375428707,-0.0736818702610135,-0.076581799451149,-0.0230605734438007,-0.07488898361139,-0.0404818956636058,-0.0518265959998211,0.0373304132218663,-0.00244073286538294,-0.116669829188273,-0.00901379449186858,0.118347011616105,-0.0104902220477281,-0.0993763617669644,-0.00127484464965309,0.0271703053296316,-0.0906149821294136,0.0504975872513069,0.00374420670313002,0.00916931383648044,-0.0381936598145839,-0.0337999620594537,0.0335609214210712,-0.0275494194106589,0.070902606424903,0.00110766716035242,-0.00680624716719477,-0.00684975807187748,0.0145614507149606,0.0123401714783903,-0.00652789270226563,0.000965064552252874,0.0155532790232767,0.0172926032568443,0.0147976699905574,0.00131633341069028,8.82678109889142e-06,0.000135897364648976,0.00026136709023696,-0.0005052880804688,1.51336575814795e-07
"S120",-0.310305952168531,0.307848709230663,-0.155885537439264,-0.139181425788387,-0.254778127500126,0.0828553448984088,-0.2579630149223,0.141796814639688,-0.620571594276998,0.249091886229921,0.0909970878948568,-0.216382559390398,-0.0167763062076727,0.0226184208926307,0.0953951089221535,0.0498698144797002,-0.0847711357951718,0.0809683285626085,0.0721367758419931,-0.101272226140081,-0.106542161034648,-0.0940826588512414,0.066721105210874,-0.0221678865909702,0.0943891823615304,0.0558869833427165,0.0550037222081938,0.0673904380242163,0.0489027818933984,0.0617448777878312,0.000854993094198868,0.0165462964482261,0.0413243651549421,-0.0192414478013607,-0.0428908614240301,0.0143960033719363,0.0307264349246878,-0.0076966071983284,0.0100472147060277,0.0377612133866374,-0.0127406752151628,0.0100044870086448,0.00575812158618902,0.0071434247431729,0.000670714830164242,-0.0092701621008923,0.0177778291415694,-0.0309322453953651,-0.00116124073780829,0.00136472556400885,-0.0200581214954259,0.018250745796392,-0.00756010501532103,-0.0140250426719683,-0.0126500766819186,0.0144572853631677,0.0426028411569294,0.0153035700744906,0.00124308700873917,-4.8657227055036e-05,0.000579250683817726,0.000782730231869447,-0.00130419011148145,-1.7036721241467e-06
"S140",-0.636065596381936,0.565077624428873,-0.0356402778455735,-0.407212562679305,-0.269293697307842,0.0782929695392165,-0.0305636999300073,0.0671464651810668,-0.0385121662905869,-0.0307889594499382,0.0172061140402059,0.000673337749538833,-0.0328682194407385,-0.0106558841668034,-0.00271386953927834,-0.0419272256581223,0.00712627474103283,0.0199782520231323,0.00329627948768108,0.0295923829970647,0.00556148864766124,0.000682121510559932,-0.0192026199819236,-0.00905099105681112,0.0277302289523858,-0.0100571824192823,-0.0117678997063714,0.00655135677460293,0.00387534411245641,0.00146732210350126,-0.0220920073136966,-0.0168320257041833,0.0296845282380255,0.0135826546980186,-0.024751177724384,-0.00857927928498194,0.0366538842323237,-0.00855917833249387,-0.0166807881939754,0.0277677167817732,0.00346488405658749,-0.0253439263652368,-0.0280556681814549,0.0316214646429442,-0.00428559886885988,8.74340474441672e-06,-0.00751703936820638,0.00595414095734834,0.000543938570590759,0.00809585876266928,0.0521882086708747,-0.00448651264528502,-0.0126608465101246,0.0449181113635357,-0.00475148938327934,-0.0166149939362932,-0.0365140415666493,0.0466058996019204,0.00155372687644472,-0.000301064650875965,0.00237732083416642,0.000760489438870715,-0.00293040383467331,1.17258608426361e-05
"S160",-0.816886850636073,0.47961942723348,0.0633800363729646,-0.200690962168556,0.0464662364491364,-0.0741011535154043,0.0432054959012899,-0.00140119911721734,0.0980364066070404,-0.0272447237809386,-0.0397079395783283,0.0331903345896843,-0.00673230161442713,0.00408735304336249,-0.00885238395501838,0.0158566728074044,-0.083315037398758,-0.0229568984177835,0.0282739926318798,0.0651391567987486,0.0721862365838468,-0.0166831774974668,0.0288645353229069,-0.0151698948743162,-0.00499743881665796,0.00635959568962845,0.0101013810770887,0.0120498797169925,0.0190547317227975,-0.0162641775117209,0.0094800834810054,0.0026539465806972,0.0166960453744019,0.0331950275748779,-0.0263096407834583,0.00313628072116601,0.00461122141335899,0.0320286611562857,-0.0124034449289278,0.00297936791203162,0.0192254594494395,-0.013324959442219,0.0111006001785636,0.0258769988291603,-0.00909036080245503,0.0345621666431247,-0.00996497477721931,-0.000671901544850323,-0.00547744168880269,0.00213995463568834,0.0434567457032521,-0.047057811693892,0.00757776202752922,-0.0311027859790046,0.0309783798104931,-0.0341657488648538,0.0418681343381324,-0.0131651661150169,0.000917870255790938,0.000123857255948862,0.00623825035165429,0.00326634752473402,-0.00698734009188375,-2.10496340162578e-06
"S180",-0.744411544693897,0.505588065423715,0.0485819744155585,-0.205775958764298,0.035820826664565,-0.105653949175755,-0.00208246783959652,-0.118946270380027,0.130855710743023,-0.0111079730809319,-0.100518361236317,0.0150393859213455,0.0573663790172777,0.0419796281662405,0.032185270201603,0.0846959373812036,-0.132723409272282,-0.037175533534599,0.0777411041702927,0.0642066632029186,0.0560203608726123,-0.0107539995548624,0.0282924866876612,0.00735228561485773,0.01432968475206,0.00264082090908184,0.032470660921505,0.0455897923637488,0.0266934109399426,-0.0346167714014497,0.0110165973638273,0.0101223162814533,0.0180763820126519,0.0898570141071763,-0.0674035092681858,-0.0796831359557221,0.000471692992253097,0.0166559873248547,-0.0502568711087728,0.0143599047162814,0.0200936088234249,-0.0114452316822207,0.026627605113977,0.055461210360405,0.00379849732846876,0.06497970156502,-0.0338824836307565,-0.00133398896535985,0.0269308303558391,0.000969804938852567,-0.0563990459412256,0.0383168663408794,0.00527481402821331,-0.00870058553437314,-0.0112548470196287,0.0302800504645502,-0.0269704927211346,-0.00727816797279706,-0.00048791838279099,0.000181048103213666,0.00350204556438867,0.00175089389838829,-0.00327700378259392,8.74897517383558e-06
"MFAT",-0.620101993117237,-0.301895720222467,-0.303388989305407,-0.122853226565937,-0.000322386821640654,-0.48050137445501,-0.0314245779171788,0.174809138309112,0.110728811416985,0.0814017293591934,0.0467846028913737,0.0965302802796811,0.0244716861647474,-0.106433468923608,-0.15310812860239,0.0731640578947842,-0.0249380139725117,0.0275402169579497,0.12941796623186,0.0885110115923076,0.00907663500135707,-0.0871431418656479,0.111686804265545,0.0666868660020784,-0.00914044053671411,-0.0240780882350876,0.0878703530315906,-0.0305137133333466,0.00433520100442693,0.0148570850609063,-0.0084169219925147,0.090116617348132,0.0328058920302361,-0.0240168209892235,-0.00343577136193619,-0.035086333524464,-0.0103090984794656,-0.0461635785050031,0.00720185520680421,-0.0154292956854685,0.00721033982084834,0.051683137102866,0.00562110860029532,-0.0323612950131542,0.0153307852277981,-0.0492144105892935,-0.012834395455961,0.0156913416479882,-0.00198278926960154,0.0188941935035003,0.0112678695691272,-0.0209732107522492,-0.00775605028941458,0.025571142965557,-0.0135946434451318,0.0304270840951061,0.00582046834445735,-0.00588750341379899,-0.00680364428653023,-0.00185595580048014,0.012844969407477,-0.00373347040157236,-0.000706685288924613,3.80895308521653e-06
"M161",-0.677880546567147,0.347228809359243,0.184364203560689,-0.208583062922844,0.0155609596523052,0.00925802476510568,0.246209942371302,0.0536938365448485,0.107051564423297,-0.0460995709566542,0.0875116518801592,0.0297195859856991,-0.0881581676604346,-0.0774326580873368,-0.0867669735846431,-0.0635559855389355,-0.165320627030505,-0.108985035592816,0.0725357789855321,0.114686588809239,0.248956794232198,-0.0763322269535148,0.08675922685867,-0.0248141000554565,0.0505003097947272,0.0110422478946339,0.0351808381902045,-0.00602163233490984,0.0341385610701739,0.162624018513165,0.0398264258239764,-0.120473334404043,0.0268695988198084,-0.130282275518588,0.0563136777026296,0.130722013989656,-0.00600047361428015,0.0187042241794903,0.0316977790280653,-0.05254179732877,-0.0656460022418659,-0.0442261955530719,-0.0128739129039658,0.00791682079180203,-0.017483230834059,0.00515145596747619,0.00169244791061988,-0.00999238601162017,0.000206003289665552,0.0127083009192969,-0.0234573260870366,0.00481927641991839,-0.000412929507728372,0.00211850783024138,-0.00571396282845721,0.00826256832740719,-0.00360437378307541,-0.00128955576161345,0.000247372189616898,0.000161787048311742,9.27116345748216e-05,0.000199841401026066,0.000270765891440504,1.46572121601746e-06
"M181",-0.806760786193125,0.290205610230907,0.0684409852212183,0.135336630326486,0.230355287234503,-0.239059537565335,-0.0797082317635286,0.0506797060593829,0.0393289005428579,0.0681709693530883,0.00993799803256553,0.00173774291402598,-0.00883886571071677,-0.0345976599985786,-0.0551182528580218,0.0301798534774358,-0.132762555279878,-0.00858746567237488,-0.00179912137017403,0.0753856414505051,0.152882653310396,0.00757979063785064,0.142329358745705,0.00257876491239899,-0.0437202346293799,0.0538093027889475,0.0274387552569071,-0.0205126858515811,-0.0143041395619962,-0.0115837194952367,0.0313834332298142,0.107951393474994,0.0431293277780044,0.00917174287019478,0.0132204378622319,-0.0623421002535835,0.0149082830703526,-0.00608256345801268,-0.0316810085638683,-0.0378361695217862,-0.0178395410145342,0.0438498665763075,0.0240879341293358,-0.0550646098216487,0.00427121147388049,-0.0318328874845093,0.0574697551133945,0.0109380842037794,-0.0134087987851552,-0.0415668303746147,-0.0225166686439989,0.0307440112599696,0.0132178828079144,-0.0145877184183503,0.0124852859384719,-0.0432250819262546,-0.0101314437827214,0.0162559877355839,0.00780177400901532,0.00245343761879341,-0.00156598549357378,0.00224246161926162,0.00201627272258008,2.37906449526579e-06
"M201",-0.464318065953633,-0.28212957975832,0.670458092387055,-0.0367985878626881,0.0629703180778011,0.0518951865942432,-0.256116333454428,0.188994366918708,-0.000773954411088532,0.0810674365880524,0.0079064262550081,0.0143595650118939,0.103487490420632,-0.0126848840580395,-0.019549616723934,0.040950171026061,-0.0164703151306184,0.0720603148101301,0.0611401182795595,0.091085904231913,0.0283082871050541,0.0604964583833994,0.0546667122478448,-0.0525700920478967,-0.0520107782050799,0.112674018092487,0.00024588298218701,-0.0571862088757722,0.0133373229641044,-0.0745275624959228,-0.006208635020567,-0.0328706724247828,-0.0994419724436651,0.10356154576854,-0.0498160344868426,0.156116201148951,0.0925566665823642,-0.0651975789218764,0.0241397242328163,-0.0425116948324397,0.0606963243905533,0.0395037796464544,-0.000582190913011218,0.0177311370196004,-0.0540007380901807,-0.00861614888743162,0.00388733627235294,-0.0165373452101696,-0.0285453196200076,-0.0116129578843036,0.00889720593936125,0.01178969320036,-0.00718766556196991,-0.00274765917918943,0.00196423765149417,0.0104636034844749,-0.00965208246346604,-0.00428772415827752,-0.000411595496909801,0.000187885879840112,0.000368314990201197,0.000110400925673389,-0.000155631497700156,2.14142842845806e-06
"M221",-0.18967599656874,-0.130085750664287,0.463484375989217,-0.0284503840850022,-0.157534326816181,0.00573848843425031,-0.205745495123333,0.127200360940273,0.0424204963214973,-0.0145349473417606,-0.189878153535203,0.0836863162856178,-0.1287606519277,0.0875663427787732,-0.00246495565896729,-0.0605424980801745,0.0344746781278396,-0.646125668597549,-0.0971122743869385,-0.0508803330420955,-0.258739728180648,-0.202110249510955,0.137879359148808,0.0220472750420444,-0.0915086383587077,0.00110101959027942,0.0311582455594173,-0.0442665093945599,-0.0202708960935243,0.0549098274622732,0.000890242868502772,-0.00659136213657501,-0.00409793674814259,0.0176471822876826,-0.00769271046559181,-0.0153720976233797,0.0210469903814192,0.00686517711901391,0.0244883406123142,-0.0020232876262567,-0.00224062812500982,0.000860488546542882,0.00172774768165787,0.00337932309515888,0.0101949568098747,-0.00151208685498338,-0.00796635143538282,-0.0120931303071277,0.00591723648813906,-0.0159985451887589,0.00140650347833382,0.00095026170710043,0.00373726408058222,0.00145899080990065,0.000187949186848048,-0.00265341665930472,-0.000165866621805417,0.00118354727857558,-2.36696530989908e-06,-4.99506192025652e-05,-0.00014452537163384,-6.69913398072045e-05,-3.86061189624701e-06,5.86766355973029e-07
"PFAT",-0.688370030055974,-0.00211766663211208,0.0567489920760245,0.266704630653131,0.397768936845097,-0.316025817304428,-0.132830745572181,0.253832928076407,0.0510737331821016,0.0338219852176005,-0.164844610799186,0.0567625527477023,-0.0894610294156769,0.0607572757486908,0.119720448841146,-0.0301526551212995,0.0173585330101169,0.111340892603017,-0.0443695836771693,-0.0199957772606193,-0.0936918990585201,0.00295812328654253,-0.0388120396886572,-0.0398110967788994,-0.0344604607956629,0.0627169801427624,-0.00456532740349033,0.0147574640192112,0.0294560119387439,-0.0298457114786887,-0.0368279776501288,-0.0139701604634509,-0.0221526199248652,-0.0333681836019868,0.0185315239985153,0.0490089391536046,-0.0597973093699,0.0445801645336184,0.0108442746617395,0.0340591213245036,0.00759218839459702,-0.0329291780949504,-0.020438539531747,0.00768420080974837,0.0347885780907258,-0.00546785737126916,-0.00443181749109108,0.00453477959446619,0.0047802735955242,0.000144021349320498,-0.0014800797036899,0.00145757552794349,-0.0045914976258655,0.00317648277284315,-0.00893851533777366,0.00260355279261696,-0.000807117708608823,0.00202900103778736,0.00173347698676754,0.0259581833262088,0.00254544179267418,0.00100029571350689,0.000173893592667441,-2.85166680895275e-06
"P182",-0.668334875392626,0.0959778161421124,0.0844026051654194,0.312302117684187,0.427630421662807,-0.277839168683899,-0.142901384874139,0.205013646898538,0.0251580232441138,0.0343751755023858,-0.163135840553802,0.0420114064181194,-0.0904250708643369,0.0639765344444174,0.122416871718651,-0.0335737578842149,-0.00168729154961688,0.0928397322739294,-0.0582935902891018,-0.0145527275651356,-0.0700797389068645,0.0214819419073094,-0.00840231364945945,-0.0586527031105535,-0.0436651623511953,0.0926185666519206,-0.0210651496937316,0.0127425597302741,0.026980897037369,-0.0534711645422411,-0.0409840818067015,-0.00465904379147406,-0.0249017249389081,-0.0265480322305938,0.0302693974112072,0.0624790354896292,-0.067480443380136,0.0582352668903777,0.00716558940844496,0.0406195080440678,0.00547134535121466,-0.0422027445142127,-0.0242395311224379,0.00886638235227688,0.0399987377578903,-0.0015838705613376,0.00762848885583924,0.00518185897637723,0.00434466840318313,-0.00877114313891272,-0.00603454314822337,0.0100043674967985,-9.27762514624724e-05,-0.00502928488433112,-0.00489834100674304,-0.00582615951546663,-0.00288696821578908,0.00496557232911683,-0.000536354874667637,-0.0235402268594447,0.00393057542677754,-0.00118633259808161,0.00078165906214746,7.13181901402389e-06
"P183",-0.573756139060177,0.14731553473257,0.0892931715365695,0.16516569227252,0.320564862448249,-0.130357420606131,-0.0603319336696589,0.385532346729285,0.158937740221691,-0.0205631607119211,-0.213311407913212,0.058719977942305,-0.116841430947029,0.0984265970093892,0.199456520973523,-0.0682680940283736,0.0505541549145959,0.163494095613698,-0.0952866036685156,-0.111258133384033,-0.0848367815846511,0.0148904167982972,-0.226223051285542,0.0122986969024207,0.0605903878346029,-0.100622969111601,0.0416121544081958,0.0223344316614386,0.0451502397009993,0.174379638098956,0.0906439905289524,-0.0968508361723805,0.0120347202992303,0.00940568571240262,-0.0258566832715619,-0.0833418069466107,0.0814310728511405,-0.0418438529512864,-0.000101655477967794,-0.0515346682840464,-0.0137793185952441,0.0270709801496458,0.0301280339077242,-0.0233695808080479,-0.0482033217334617,0.00227057983574745,0.0019478040683896,-0.00844393023534749,0.000532597489106996,0.00569262827487836,0.00227238376257376,0.000874741036335686,0.00838934760221985,0.00407864615974711,0.00603934529233397,0.00132143571004338,0.00093525837186131,-0.00183452164052933,0.000111769570411845,-0.00262711693254892,0.00049509240086967,-0.000170107300084412,0.000191186418943538,-1.67346174320163e-06
"P184",-0.302829082360669,-0.354032033589107,0.621797679268163,-0.169564674811191,-0.129334080636064,0.127496405904804,-0.271666466820688,0.0209048889083376,0.049666167680809,-0.11454180964829,-0.020207405674433,-0.0220687105561015,-0.0197597331851819,-0.0661232111333468,0.00710883828552701,0.0812129913239312,0.044060536401169,0.144311847871698,0.0870913131344841,0.0481068248466151,0.0461846673609976,-0.00633154312528035,0.0745415888566641,0.122674526646231,-0.0533789406991511,0.0277474817966712,0.146458754206308,0.235990649515759,-0.259661786706159,0.00840862018676249,-0.0412395305020719,-0.117639867077602,-0.0671322518437582,-0.029233414567877,0.019920860104569,-0.0695315228634848,-0.00493844084588974,-0.012519541933006,0.0158874929801124,0.0224830470025328,-0.00993088607911123,-0.0165406578483632,-0.0158950027417276,-0.00851878711095211,0.0197651754896266,-0.012770116356158,-0.00793585725645127,0.00051867796146982,-0.000645384006636944,-0.00475818527386985,-0.00103833190777656,-0.00680770434017667,0.00845606131726257,-0.0129958676641444,0.00645963674553142,0.000379453412660667,-0.000986653557565247,0.00411320424454373,0.00071995818382201,-0.000276832695197346,-1.9920421276386e-05,-5.19359854609721e-05,9.9537908434887e-05,-7.70159123472717e-07
"P204",-0.528039324360437,0.0123245262460402,0.377822618975117,0.0777846618968731,0.261259015178302,-0.15833600454302,0.467462291516184,-0.157149312881319,-0.234648770608551,-0.0156928218993684,0.0292184839525938,-0.00233264040902462,0.103285008721548,0.189004996342856,-0.070042968011847,0.116311800469055,-0.13457433717095,-0.0227258590079953,-0.139355894887603,-0.0808920786875049,-0.0228010500267549,-0.0567392609765475,0.00941203558038127,0.0158311995653008,-0.0622818106058445,0.0216650266484223,-0.0407388622218882,0.0344473216505966,-0.00212700629314758,-0.0718833732163984,-0.121338631932362,-0.0770800504227608,-0.0767548039688829,-0.0651627615311038,-0.0324850566756769,-0.0199667908728484,-0.0074854237541926,0.0472497929525403,-0.00419347643067107,0.0131880253471815,-0.00721641521953907,0.090285140558699,0.0526887302907764,-0.0231115342770833,-0.058382984979444,0.000799915715935051,-0.0178422213469652,-0.0164068802986746,0.0122775440267068,0.0406178052367834,-0.0178217052510678,-0.0220291606875217,-0.00931221276373014,0.0123147273550904,-0.015589210613319,-0.0164475891930439,-0.00245923426961425,0.00668639451272887,2.54303817669679e-05,-0.000476549398804912,0.000381851085779823,-0.000148195390419091,0.000234526379908239,2.04514310337837e-06
"P205",-0.238178726341964,-0.383916298399392,0.762766480372814,-0.104141423928436,-0.227105909952531,0.103690132892358,-0.280259144049189,0.0599836074253841,0.0113772486186697,-0.00962296936002205,-0.0655940991028533,0.0149409361689695,-0.03894733820413,0.00966974220168117,-0.00617242694951857,-0.0153089053052566,0.0231492043668605,-0.0173349095528484,-0.0270706153891774,0.0202727163251761,0.00631391224052248,0.0200312147197793,-0.0278918199629695,0.00633997052208035,-2.57290465949273e-05,-0.0753790932083527,-0.0363366629664042,-0.0145906946258318,0.00875875958701828,0.00259160469940093,-0.012734131393602,0.0512094599907038,0.0871531153622868,-0.0288676273808892,-0.0307948469479406,0.0168795744972932,-0.0336378716413174,-0.00660974927758281,-0.0822110901986754,0.0175650309659523,0.00465957742712367,-0.003220101925916,-0.0285028121904325,-0.0127096359896512,-0.0215171787512984,0.0200002686964505,0.0623453951777873,0.0500452686915362,-0.0100608462000746,0.109105142730043,-0.000508012455759028,0.0131815396952713,-0.00475394406903346,-0.0166695330217184,-0.00974196959288284,-0.00529212014418965,-0.00182870249984633,-0.00484761174741645,0.00085982244339041,-6.13714031409321e-05,0.000457004407640136,0.000332344428867513,0.000236666220100009,-1.15185210411241e-06
"P225",-0.334109765949853,-0.365816217202371,0.745378544141695,-0.185017701129326,-0.111252700434323,0.0329482445201171,-0.0660216071580993,0.0194666927468697,-0.0196407006376053,-0.0513524205617782,0.0374967295434381,-0.0178394597296622,0.00290948701416821,-0.00405331950889073,-0.0315042991678763,0.0475770445170127,-0.0494260196417667,0.0670147864320743,0.0218662760897525,0.0383144407068221,0.0984240540418665,-0.0613344270683948,-0.0133576792290081,-0.0527375484773012,0.105101254849391,-0.028691453385159,-0.114350278765983,-0.0935838189913038,0.132985749883592,0.0191822160038583,-0.0338527212506454,0.00213308140323375,-0.0749772903349134,-0.0453480439936269,-0.0387136855974797,-0.155767318668815,-0.086532801334726,0.00892233516086117,0.104545540198662,-0.0142992340381387,0.00884291748644292,-0.00765461654156356,-0.0200158993846011,0.0487922183708999,0.0177602479712506,-0.0134974363216233,0.0190430645001002,-0.0380968861275953,-0.0491398689557921,-0.0139129299501488,0.0116720205060507,0.0113164779520805,0.00284995958391206,0.0049805001461017,0.00263536095188151,0.00181119039340309,0.000895608639549157,-0.00389976850601574,-0.000261311086095182,-0.000210749251629258,-0.000364451122682363,-0.000141375963448765,5.07685899592756e-05,2.36144746368077e-06
"P226",-0.257488789020256,-0.372079668021762,0.782622666267665,-0.0640334108349866,-0.218304664218099,0.099811369449255,-0.157749173568338,0.0529528696824649,-0.00507422406853493,0.00355583463068789,-0.0186502860440176,0.00570585525221724,0.0628558531249548,0.00272996297276603,-0.018188773072055,0.00825791130149662,0.00420026847345,0.0551437706037381,-0.03630979229635,-0.0211384023315669,0.0247726304650722,0.0544269886335389,-0.0553533834077716,-0.0212098746164021,0.0266745489565736,-0.0883959952172927,-0.0313217437495471,-0.0213260081189915,0.023280235475956,0.0109181784687491,-0.0202641652605238,0.0337843110546986,0.142016649090749,-0.107157810118503,-0.00749289915424857,0.0562593211164463,-0.0430347659549639,0.00959444712821405,-0.101606735567104,0.0456250101554896,0.0264974091366865,0.0130959692892216,0.0513875621802754,-0.0267009822191767,-0.0133222349210352,-0.00788671925302587,-0.0720171147335313,-0.0135393738929351,-0.0079478445899096,-0.0678977006952113,-0.00767684274933369,-0.00643008271985139,0.0113969718849336,0.00915792337566946,0.0190291190511211,0.00818791711695891,0.000301836217688816,0.00308390423656378,-0.000296236783126162,-0.000338339649383763,-0.000355956211553511,-0.00022257739195402,-0.00025230926528435,1.87305465970915e-07
"VITD",-0.268422377774162,-0.540787462834825,0.544219680498955,-0.25574029467507,-0.260906836806863,0.0964619775893724,-0.136727010031683,0.0477654378772221,0.0480317193600884,0.122505152999843,0.00843773211809625,0.078126826847542,0.212353532434574,0.0269436890186698,-0.0768845533015272,0.00114044229207204,0.0853971221865515,0.0839127398981474,-0.0390804529852147,-0.0700835913801303,0.0348134210306889,0.108664138028047,-0.0152493372173497,-0.0551091197641394,0.0116702902381142,0.0862949937114637,0.0150507779999903,-0.0443632650509893,0.064718940460537,-0.0352730537947765,0.118386476276377,0.0300579521925947,-0.0146692618564172,0.0393326828694703,0.0163870889267595,-0.00754020042318452,0.034309248896286,0.0679014000100653,0.0395363977567691,-0.0480652655367588,-0.0829072665582624,0.0134703193027901,0.0184604454244099,-0.000567168077151504,0.055443393888208,0.000297951481712346,-0.0164191173779059,-0.000404112625107392,0.100454666452897,0.0149923501128117,-0.00318173090098337,-0.0122645648186384,0.00422063674761332,0.00412665624398441,-0.00241418305195559,-0.00619470679728105,0.00732888016123265,0.00739332459511147,0.000728945274013812,-2.43785400731585e-05,0.000451497095694688,7.29312982542992e-05,5.94004429574952e-05,-2.38548200148163e-06
"CHOLN",-0.620908191918732,-0.461490149438903,0.173400008305525,0.025117031458524,0.0170926812549028,-0.214097509660016,0.330020975871673,-0.107492816366859,-0.136410257948793,0.125609085302918,0.0762243561351543,0.0875857210200116,0.184597688200695,0.0661062655670097,-0.151181568448382,0.12574403177197,0.060455227293456,0.0649835624546278,-0.0355662210063615,-0.0846132945232981,-0.073210614112588,-0.0506334710369857,-0.0190356135654077,0.0440026252602707,-0.0141613658306989,-0.0417353018405296,0.0756532641462155,-0.0336458879978017,0.0289445336125075,0.0505975023783674,0.0786593981107462,0.0229202674945822,-0.00503522245486502,0.0355009357626642,-0.00653366176867163,0.00763456359176867,0.0450076500576442,-0.0527482324934942,0.0123822510576478,0.00253915561670108,0.0509316472932313,-0.107537721974431,-0.0597400375268061,-0.0369657074207083,0.0326081471659143,0.0227984458675298,-0.0419423519077302,-0.00689152071004026,-0.0444822228213246,0.0169917226315529,-0.0401194713171366,-0.00898041936966028,0.0102377230341832,0.0032865441248813,-0.00538544920977696,-0.0286312903539139,0.000649194746749313,0.00535244563586866,0.000430778245589125,-0.000292846910100339,-0.000754973470374525,-0.000136290152349229,4.48469621514344e-05,1.11881408973652e-06
"VITE_ADD",0.0169633945030527,-0.621372998602928,-0.451816630389565,-0.274290207466019,-0.178422362132654,-0.301084659817931,-0.060331508592487,0.125303234456002,0.0496176619427223,0.0594253921357045,0.0612101609646522,-0.103851381525489,-0.0257549315415661,0.0477755745041256,-0.0969436422402936,0.0234752752005579,-0.0961583880278214,-0.0518298738170254,-0.0728242219302234,-0.0666375869613858,-0.0183326449534229,0.0824357645596262,0.0883323664561757,-0.00539371201490619,0.175940198931735,-0.136933184722041,-0.0199013796308582,-0.0127689054820705,-0.0521728961413524,0.00687836938011442,-0.0112829274447989,-0.130732675276195,-0.0774404421485311,0.055856592696449,-0.121151813433148,0.0271100923980402,-0.0340727664406373,0.0916795214836799,-0.100722320217955,-0.0599689005007981,0.0224766006185058,-0.0223132827345173,-0.015001874499849,0.00346075917841403,0.0115664490488005,-0.0267220754198008,0.0317566825968353,0.0140682402351711,0.00529219300333255,-0.0259082486144927,-0.0107068024437587,-0.00440025903752315,-0.00581858200839362,0.00604392280003625,-0.000198193237144845,-0.00582971269179923,0.00482912618240706,0.00140502672340979,9.29004901548346e-05,-6.07778480015173e-05,-4.99009365529794e-05,-0.000382936794325022,-4.3190368026628e-05,-4.88405605787778e-06
"B12_ADD",-0.0285336539783864,-0.66475537664743,-0.402850015272881,-0.281278896959078,-0.119212984603031,-0.151492319814074,-9.86309901638521e-05,0.0794720146261849,0.0437889976533686,0.0613292775848633,0.087261225984595,-0.134085302178213,-0.144166501015991,0.14921025734492,0.0929399360333278,-0.079046126236793,-0.136696886648679,-0.111516283600838,-0.106849624609042,-0.0489483306927756,0.148314784481125,-0.0280792428591244,-0.0920037905438732,-0.0761261589431984,-0.0618050247608474,-0.114786283413739,0.0939770095872467,0.125190005638862,0.118231345450786,-0.155548277578858,-0.0618957938527657,-0.013183751412493,0.0217718911495643,-0.010775273677851,0.0686194855904939,0.0195592791307731,0.0269525610116273,-0.0427374587695301,0.0161313019991522,-0.0176757538706946,0.0141832944757108,0.036540025644993,-0.0365128159528907,0.0216178904030148,0.02795361403071,-0.0125593799221,-0.0147980534620931,-0.0290446369834403,0.00270377019768606,0.0288403900615704,-0.00166013869988052,0.0135087643030057,0.0353661287386551,-0.00689270878619279,0.0315287007410944,0.00316114940038454,-0.00445957678671249,0.00616145453757873,0.00276752245588182,3.30741361993121e-05,5.1445816387817e-05,5.44192021466148e-05,-0.000109593711746459,6.54692149088167e-07
